scenario,n_episodes,sac_mean_cost,rule_mean_cost,sac_mean_comfort,rule_mean_comfort,sac_cost_advantage
price_spike,20,936.3219522790405,2903.5473509508665,0.22536295679103885,12.066588397377364,True
extreme_cold,10,1215.7849141215954,1775.0662945990007,0.06856300105229404,13.663476827273339,True
extreme_heat,14,561.518171817001,1674.2624121724364,0.8028875132282572,13.518394704925608,True
cheap_night,20,378.14885817387295,1103.3298396358323,0.04759497700483224,12.355694902592992,True
high_base_load,20,1023.5877537589824,1952.704409180676,0.09698949489989614,12.377052232100208,True
